epoch,learning_rate,train_loss,train_accuracy,train_balanced_accuracy,train_precision,train_recall,train_specificity,train_f1,train_fnr,train_fpr,train_npv,train_tp,train_fp,train_tn,train_fn,train_loss_image,train_loss_hard_negative,train_loss_ranking,train_loss_auxiliary,train_skipped_updates,val_threshold,val_loss,val_accuracy,val_balanced_accuracy,val_precision,val_recall,val_specificity,val_f1,val_fnr,val_fpr,val_npv,val_tp,val_fp,val_tn,val_fn,val_recall_constraint_met,val_display_threshold,val_display_loss,val_display_accuracy,val_display_balanced_accuracy,val_display_precision,val_display_recall,val_display_specificity,val_display_f1,val_display_fnr,val_display_fpr,val_display_npv,val_display_tp,val_display_fp,val_display_tn,val_display_fn
1,0.00019945766764145907,1.3310522400278082,0.5438230383973289,0.5438230383973289,0.5229357798165137,0.9991652754590985,0.08848080133555926,0.6865500430169199,0.0008347245409015025,0.9115191986644408,0.9906542056074766,1197,1092,106,1,0.5902840618746905,0.43801828511121477,0.6343270494464244,0.7263545452652869,0,0.3,0.5346694249564041,0.725,0.7250000000000001,0.6614060258249641,0.922,0.528,0.7702589807852965,0.078,0.472,0.8712871287128713,461,236,264,39,True,0.2,0.5346694249564041,0.54,0.54,0.5209643605870021,0.994,0.086,0.6836313617606603,0.006,0.914,0.9347826086956522,497,457,43,3
2,0.00019783661247264677,0.5203493432528985,0.9632721202003339,0.9632721202003339,0.9356357927786499,0.994991652754591,0.9315525876460768,0.964401294498382,0.005008347245409015,0.06844741235392321,0.9946524064171123,1192,82,1116,6,0.13983398272915556,0.058502519574367716,0.008382220899465437,0.698337098393894,0,0.3,0.44796762819417146,0.743,0.7430000000000001,0.6758321273516642,0.934,0.552,0.7842149454240134,0.066,0.448,0.8932038834951457,467,224,276,33,True,0.2,0.44796762819417146,0.608,0.608,0.5615034168564921,0.986,0.23,0.7155297532656024,0.014,0.77,0.9426229508196722,493,385,115,7
3,0.00019515459511322021,0.43220066029161763,0.9841402337228714,0.9841402337228715,0.9746317512274959,0.9941569282136895,0.9741235392320534,0.9842975206611569,0.005843071786310518,0.02587646076794658,0.9940374787052811,1191,31,1167,7,0.09280567388602211,0.021465663788824627,0.0017443929211188338,0.6564521132805112,0,0.3,0.426243329257727,0.772,0.772,0.7105263157894737,0.918,0.626,0.8010471204188483,0.082,0.374,0.884180790960452,459,187,313,41,True,0.2,0.426243329257727,0.681,0.681,0.6121437422552665,0.988,0.374,0.75592960979342,0.012,0.626,0.9689119170984456,494,313,187,6
4,0.00019144100030661746,0.3733625409997166,0.9929048414023373,0.9929048414023373,0.9876135425268373,0.998330550918197,0.9874791318864775,0.9929431299294313,0.001669449081803005,0.012520868113522538,0.9983122362869198,1196,15,1183,2,0.06886717210677709,0.011986555211624606,0.0015060093645659432,0.596251175678234,0,0.4,0.333068457595579,0.845,0.845,0.8042328042328042,0.912,0.778,0.8547328959700095,0.088,0.222,0.8983833718244804,456,111,389,44,True,0.2,0.333068457595579,0.727,0.727,0.6515353805073432,0.976,0.478,0.7814251401120897,0.024,0.522,0.952191235059761,488,261,239,12
5,0.00018673651497465944,0.3347646647781283,0.9958263772954925,0.9958263772954925,0.9925373134328358,0.9991652754590985,0.9924874791318865,0.9958402662229616,0.0008347245409015025,0.007512520868113523,0.9991596638655462,1197,9,1189,1,0.05149616396835133,0.004842376200799427,0.0,0.5616946228856038,0,0.3,0.35146225765146544,0.859,0.859,0.8176991150442477,0.924,0.794,0.867605633802817,0.076,0.206,0.9126436781609195,462,103,397,38,True,0.2,0.35146225765146544,0.791,0.7909999999999999,0.7136563876651982,0.972,0.61,0.8230313293818797,0.028,0.39,0.9561128526645768,486,195,305,14
6,0.0001810926824431198,0.31381422793725894,0.9962437395659433,0.9962437395659433,0.9933609958506224,0.9991652754590985,0.993322203672788,0.9962546816479401,0.0008347245409015025,0.00667779632721202,0.9991603694374476,1197,8,1190,1,0.0440629455066583,0.00592571040397768,0.0006586498330550918,0.53324752747515,0,0.34,0.30517569890258506,0.887,0.887,0.8771929824561403,0.9,0.874,0.8884501480750248,0.1,0.126,0.8973305954825462,450,63,437,50,True,0.2,0.30517569890258506,0.838,0.838,0.7743506493506493,0.954,0.722,0.8548387096774194,0.046,0.278,0.9401041666666666,477,139,361,23
7,0.00017457133772226201,0.2918216586112976,0.9987479131886478,0.9987479131886478,0.9975020815986678,1.0,0.9974958263772955,0.9987494789495623,0.0,0.0025041736227045075,1.0,1198,3,1195,0,0.03444528622624273,0.00144923569689752,0.00033808789388564274,0.5131344668853263,0,0.25,0.3500467257937333,0.844,0.8440000000000001,0.8093525179856115,0.9,0.788,0.8522727272727273,0.1,0.212,0.8873873873873874,450,106,394,50,True,0.2,0.3500467257937333,0.818,0.8180000000000001,0.7615131578947368,0.926,0.71,0.8357400722021661,0.074,0.29,0.9056122448979592,463,145,355,37
8,0.00016724393002952694,0.26205346958466086,0.9995826377295493,0.9995826377295493,1.0,0.9991652754590985,1.0,0.9995824634655532,0.0008347245409015025,0.0,0.9991659716430359,1197,0,1198,1,0.023360686050183786,0.0005884820417481015,0.0,0.47679708398045206,0,0.27,0.31565117255444186,0.866,0.866,0.8426966292134831,0.9,0.832,0.8704061895551257,0.1,0.168,0.8927038626609443,450,84,416,50,True,0.2,0.31565117255444186,0.851,0.851,0.8010291595197255,0.934,0.768,0.8624192059095107,0.066,0.232,0.920863309352518,467,116,384,33
9,0.00015919073997695482,0.2418100250782274,0.9995826377295493,0.9995826377295493,0.9991659716430359,1.0,0.9991652754590985,0.9995828118481436,0.0,0.0008347245409015025,1.0,1198,1,1197,0,0.018137790171354886,0.0005991336412218442,0.0,0.44674533874244243,0,0.18,0.3708997568050804,0.862,0.862,0.8364312267657993,0.9,0.824,0.8670520231213873,0.1,0.176,0.8917748917748918,450,88,412,50,True,0.2,0.3708997568050804,0.865,0.865,0.8489483747609943,0.888,0.842,0.8680351906158358,0.112,0.158,0.8825995807127882,444,79,421,56
10,0.00015049999999999997,0.23321707238239517,1.0,1.0,1.0,1.0,1.0,1.0,0.0,0.0,1.0,1198,0,1198,0,0.01512093021408445,0.00045163112893492255,0.0,0.43574065183956356,0,0.32,0.31275581916770945,0.874,0.874,0.8555133079847909,0.9,0.848,0.8771929824561403,0.1,0.152,0.8945147679324894,450,76,424,50,True,0.2,0.31275581916770945,0.841,0.841,0.7875210792580101,0.934,0.748,0.8545288197621227,0.066,0.252,0.918918918918919,467,126,374,33
11,0.0001412669276645042,0.24295925949770142,0.9995826377295493,0.9995826377295493,1.0,0.9991652754590985,1.0,0.9995824634655532,0.0008347245409015025,0.0,0.9991659716430359,1197,0,1198,1,0.017787447018869133,0.0007715962430927125,0.0,0.4495720265305699,0,0.18,0.3611518767215342,0.883,0.883,0.8675623800383877,0.904,0.862,0.8854064642507345,0.096,0.138,0.8997912317327766,452,69,431,48,True,0.2,0.3611518767215342,0.886,0.886,0.8799212598425197,0.894,0.878,0.886904761904762,0.106,0.122,0.8922764227642277,447,61,439,53
12,0.00013159268244311977,0.22872919287028814,1.0,1.0,1.0,1.0,1.0,1.0,0.0,0.0,1.0,1198,0,1198,0,0.014381120597107184,0.0006609171273195355,0.0,0.42803522795189997,0,0.17,0.3475700753001084,0.882,0.882,0.8659003831417624,0.904,0.86,0.8845401174168297,0.096,0.14,0.899581589958159,452,70,430,48,True,0.2,0.3475700753001084,0.889,0.889,0.8897795591182365,0.888,0.89,0.888888888888889,0.112,0.11,0.8882235528942116,444,55,445,56
13,0.00012158325739095813,0.2213343105501245,1.0,1.0,1.0,1.0,1.0,1.0,0.0,0.0,1.0,1198,0,1198,0,0.011538716155152538,0.0002599079217757868,0.0,0.4193312825762569,0,0.17,0.3950860979655898,0.875,0.875,0.8571428571428571,0.9,0.85,0.8780487804878048,0.1,0.15,0.8947368421052632,450,75,425,50,True,0.2,0.3950860979655898,0.882,0.882,0.8882113821138211,0.874,0.89,0.881048387096774,0.126,0.11,0.8759842519685039,437,55,445,63
14,0.00011134831786349768,0.2223993276863146,0.9991652754590985,0.9991652754590985,0.9991652754590985,0.9991652754590985,0.9991652754590985,0.9991652754590985,0.0008347245409015025,0.0008347245409015025,0.9991652754590985,1197,1,1197,1,0.013299572960985126,0.0010741016322603832,0.0,0.4171254072145548,0,0.21,0.32614921724422413,0.881,0.881,0.8670520231213873,0.9,0.862,0.8832188420019627,0.1,0.138,0.896049896049896,450,69,431,50,True,0.2,0.32614921724422413,0.878,0.878,0.8606870229007634,0.902,0.854,0.880859375,0.098,0.146,0.8970588235294118,451,73,427,49
15,0.000101,0.21260305950558045,1.0,1.0,1.0,1.0,1.0,1.0,0.0,0.0,1.0,1198,0,1198,0,0.009449972326436604,0.0005703681086251071,0.0,0.40573580699890405,0,0.28,0.32878148015028,0.881,0.881,0.8670520231213873,0.9,0.862,0.8832188420019627,0.1,0.138,0.896049896049896,450,69,431,50,True,0.2,0.32878148015028,0.865,0.865,0.820738137082601,0.934,0.796,0.8737137511693172,0.066,0.204,0.9234338747099768,467,102,398,33
16,9.06516821365023e-05,0.20325881081053332,1.0,1.0,1.0,1.0,1.0,1.0,0.0,0.0,1.0,1198,0,1198,0,0.0075732155886474055,0.0003761214716049014,0.0,0.3909950692685498,0,0.28,0.32909961215118877,0.883,0.883,0.8689788053949904,0.902,0.864,0.8851815505397449,0.098,0.136,0.8981288981288982,451,68,432,49,True,0.2,0.32909961215118877,0.861,0.861,0.8228980322003577,0.92,0.802,0.8687440982058545,0.08,0.198,0.909297052154195,460,99,401,40
17,8.041674260904179e-05,0.210187158272143,0.9987479131886478,0.9987479131886478,0.9991645781119465,0.998330550918197,0.9991652754590985,0.9987473903966597,0.001669449081803005,0.0008347245409015025,0.9983319432860718,1196,1,1197,2,0.011712801829291405,0.0011062852530864585,0.0006879956176961602,0.3954984304403423,0,0.18,0.3470386328140586,0.876,0.876,0.8587786259541985,0.9,0.852,0.87890625,0.1,0.148,0.8949579831932774,450,74,426,50,True,0.2,0.3470386328140586,0.877,0.877,0.8717948717948718,0.884,0.87,0.87785501489573,0.116,0.13,0.8823529411764706,442,65,435,58
18,7.040731755688018e-05,0.20464333160492734,0.9995826377295493,0.9995826377295493,0.9991659716430359,1.0,0.9991652754590985,0.9995828118481436,0.0,0.0008347245409015025,1.0,1198,1,1197,0,0.008043735277199983,0.0005134857749548555,0.0,0.3926857073040359,0,0.17,0.3705947132775523,0.864,0.864,0.8395522388059702,0.9,0.828,0.8687258687258688,0.1,0.172,0.8922413793103449,450,86,414,50,True,0.2,0.3705947132775523,0.869,0.869,0.858252427184466,0.884,0.854,0.870935960591133,0.116,0.146,0.8804123711340206,442,73,427,58
19,6.073307233549578e-05,0.20133736535583394,1.0,1.0,1.0,1.0,1.0,1.0,0.0,0.0,1.0,1198,0,1198,0,0.007241576656004187,0.0006845392361261923,0.0,0.3875070384428378,0,0.17,0.38305578088187137,0.872,0.872,0.8509433962264151,0.902,0.842,0.8757281553398059,0.098,0.158,0.8957446808510638,451,79,421,49,True,0.2,0.38305578088187137,0.872,0.872,0.8675889328063241,0.878,0.866,0.8727634194831013,0.122,0.134,0.8765182186234818,439,67,433,61
20,5.1500000000000005e-05,0.1950491420016663,1.0,1.0,1.0,1.0,1.0,1.0,0.0,0.0,1.0,1198,0,1198,0,0.005390093280142406,0.0002745026157600828,0.0,0.379043593331052,0,0.14,0.38411226913626617,0.857,0.857,0.8263254113345521,0.904,0.81,0.8634192932187202,0.096,0.19,0.8940397350993378,452,95,405,48,True,0.2,0.38411226913626617,0.866,0.866,0.8674698795180723,0.864,0.868,0.8657314629258517,0.136,0.132,0.8645418326693227,432,66,434,68
21,4.280926002304516e-05,0.19092109918793373,0.9995826377295493,0.9995826377295493,0.9991659716430359,1.0,0.9991652754590985,0.9995828118481436,0.0,0.0008347245409015025,1.0,1198,1,1197,0,0.005367510179322033,0.00040731415381784923,0.0,0.3706998639990372,0,0.14,0.37667724553991405,0.859,0.859,0.8293577981651377,0.904,0.814,0.8650717703349282,0.096,0.186,0.8945054945054945,452,93,407,48,True,0.2,0.37667724553991405,0.879,0.879,0.8812877263581489,0.876,0.882,0.8786359077231695,0.124,0.118,0.8767395626242545,438,59,441,62
22,3.475606997047306e-05,0.19415990913750134,0.9987479131886478,0.9987479131886478,0.9983319432860718,0.9991652754590985,0.998330550918197,0.9987484355444306,0.0008347245409015025,0.001669449081803005,0.9991645781119465,1197,2,1196,1,0.006426280074036107,0.0005661557752956622,0.0,0.37490110201310234,0,0.16,0.36626828275415824,0.877,0.877,0.8604206500956023,0.9,0.854,0.8797653958944281,0.1,0.146,0.8951781970649895,450,73,427,50,True,0.2,0.36626828275415824,0.886,0.886,0.8906882591093117,0.88,0.892,0.8853118712273642,0.12,0.108,0.8814229249011858,440,54,446,60
23,2.7428662277737987e-05,0.19560462992657007,0.9991652754590985,0.9991652754590985,0.9983333333333333,1.0,0.998330550918197,0.9991659716430359,0.0,0.001669449081803005,1.0,1198,2,1196,0,0.006814525879372241,0.0005212835057985305,0.0,0.3770589233439832,0,0.18,0.36491408385609503,0.88,0.88,0.8625954198473282,0.904,0.856,0.8828125000000001,0.096,0.144,0.8991596638655462,452,72,428,48,True,0.2,0.36491408385609503,0.88,0.88,0.87109375,0.892,0.868,0.8814229249011858,0.108,0.132,0.889344262295082,446,66,434,54
24,2.090731755688021e-05,0.19012575794340972,0.9987479131886478,0.9987479131886478,0.9975020815986678,1.0,0.9974958263772955,0.9987494789495623,0.0,0.0025041736227045075,1.0,1198,3,1195,0,0.005916062388755692,0.0008568327678818386,0.0,0.3675625579982051,0,0.13,0.3978865746299784,0.865,0.865,0.839851024208566,0.902,0.828,0.8698167791706846,0.098,0.172,0.8941684665226782,451,86,414,49,True,0.2,0.3978865746299784,0.879,0.879,0.8972746331236897,0.856,0.902,0.8761514841351075,0.144,0.098,0.8623326959847036,428,49,451,72
25,1.5263485025340566e-05,0.19085536563834285,1.0,1.0,1.0,1.0,1.0,1.0,0.0,0.0,1.0,1198,0,1198,0,0.005209159106404858,0.00045091707671874703,0.0,0.3708414958793054,0,0.19,0.3367542427098606,0.879,0.879,0.8623326959847036,0.902,0.856,0.8817204301075269,0.098,0.144,0.8972746331236897,451,72,428,49,True,0.2,0.3367542427098606,0.882,0.882,0.8701550387596899,0.898,0.866,0.8838582677165355,0.102,0.134,0.8946280991735537,449,67,433,51
26,1.0558999693382501e-05,0.19031301369651132,0.9995826377295493,0.9995826377295493,0.9991659716430359,1.0,0.9991652754590985,0.9995828118481436,0.0,0.0008347245409015025,1.0,1198,1,1197,0,0.005809614968133192,0.0014386742335900848,0.0,0.367568123071938,0,0.15,0.37137183046153366,0.869,0.869,0.8423005565862709,0.908,0.83,0.873917228103946,0.092,0.17,0.9002169197396963,454,85,415,46,True,0.2,0.37137183046153366,0.878,0.878,0.8810483870967742,0.874,0.882,0.8775100401606427,0.126,0.118,0.875,437,59,441,63
27,6.845404886779799e-06,0.19238289708088158,0.9995826377295493,0.9995826377295493,1.0,0.9991652754590985,1.0,0.9995824634655532,0.0008347245409015025,0.0,0.9991659716430359,1197,0,1198,1,0.007469676125589416,0.00022310337498461445,7.825542570951586e-05,0.3695642109804838,0,0.2,0.3362099139217884,0.879,0.879,0.8609523809523809,0.904,0.854,0.8819512195121951,0.096,0.146,0.8989473684210526,452,73,427,48,True,0.2,0.3362099139217884,0.879,0.879,0.8609523809523809,0.904,0.854,0.8819512195121951,0.096,0.146,0.8989473684210526,452,73,427,48
28,4.1633875273532364e-06,0.1855024258809814,1.0,1.0,1.0,1.0,1.0,1.0,0.0,0.0,1.0,1198,0,1198,0,0.004178256821431505,0.00018434397269552263,0.0,0.3624639939485687,0,0.18,0.346221651729604,0.878,0.878,0.8606870229007634,0.902,0.854,0.880859375,0.098,0.146,0.8970588235294118,451,73,427,49,True,0.2,0.346221651729604,0.881,0.881,0.8713450292397661,0.894,0.868,0.8825271470878578,0.106,0.132,0.891170431211499,447,66,434,53
29,2.5423323585409335e-06,0.18756515315060623,0.9995826377295493,0.9995826377295493,0.9991659716430359,1.0,0.9991652754590985,0.9995828118481436,0.0,0.0008347245409015025,1.0,1198,1,1197,0,0.0037471955589241097,0.0004205446034780267,0.0,0.367215370097025,0,0.18,0.345539624225031,0.876,0.876,0.8574144486692015,0.902,0.85,0.8791423001949318,0.098,0.15,0.8966244725738397,451,75,425,49,True,0.2,0.345539624225031,0.878,0.878,0.8648648648648649,0.896,0.86,0.8801571709233792,0.104,0.14,0.8921161825726142,448,70,430,52
30,2.0000000000000003e-06,0.186349112422319,0.9995826377295493,0.9995826377295493,0.9991659716430359,1.0,0.9991652754590985,0.9995828118481436,0.0,0.0008347245409015025,1.0,1198,1,1197,0,0.004628811663604389,0.0002721500029242854,0.0,0.3631684528865878,0,0.17,0.358271315617496,0.876,0.876,0.8560606060606061,0.904,0.848,0.8793774319066149,0.096,0.152,0.8983050847457628,452,76,424,48,True,0.2,0.358271315617496,0.879,0.879,0.873767258382643,0.886,0.872,0.8798411122144986,0.114,0.128,0.8843813387423936,443,64,436,57
